{
  "generated_at": "2026-06-05T02:28:19.005650",
  "paper_tape_trades": 10122,
  "state_mapping": {
    "偏熊": {
      "avg_fingerprint": [
        35.353324486341634,
        49.43122755999977,
        25.23814985148619,
        15.046942534479436
      ],
      "n_trades": 370,
      "avg_pnl": 0.00241,
      "win_rate": 0.3676,
      "params": {
        "stop_loss": -0.16,
        "max_hold_days": 40,
        "trailing_stop": -0.08,
        "soft_min_score": 68,
        "bullish_threshold": 55,
        "profit_target": 0.18,
        "position_size": 0.17
      }
    },
    "偏熊中性": {
      "avg_fingerprint": [
        42.9344000448425,
        55.3213690626753,
        28.02592445203348,
        36.99037542081198
      ],
      "n_trades": 555,
      "avg_pnl": -0.006628,
      "win_rate": 0.3351,
      "params": {
        "stop_loss": -0.06,
        "profit_target": 0.17,
        "trailing_stop": -0.07,
        "bullish_threshold": 55,
        "max_hold_days": 45,
        "position_size": 0.08,
        "soft_min_score": 50
      }
    },
    "中性": {
      "avg_fingerprint": [
        47.48005480335011,
        65.32908880671917,
        26.82847537547252,
        41.49938334010446
      ],
      "n_trades": 1145,
      "avg_pnl": -0.001429,
      "win_rate": 0.3659,
      "params": {
        "stop_loss": -0.07,
        "soft_min_score": 70,
        "profit_target": 0.18,
        "bullish_threshold": 55,
        "trailing_stop": -0.09,
        "max_hold_days": 35,
        "position_size": 0.1
      }
    },
    "偏牛中性": {
      "avg_fingerprint": [
        52.65830840198183,
        75.03512112860405,
        31.357636479961,
        41.18484503275883
      ],
      "n_trades": 1535,
      "avg_pnl": -0.002313,
      "win_rate": 0.398,
      "params": {
        "stop_loss": -0.06,
        "profit_target": 0.17,
        "position_size": 0.17,
        "soft_min_score": 60,
        "max_hold_days": 30,
        "trailing_stop": -0.08,
        "bullish_threshold": 55
      }
    },
    "中性偏强": {
      "avg_fingerprint": [
        57.73849747804287,
        81.82997465442601,
        34.67810392924953,
        48.01538218748752
      ],
      "n_trades": 1951,
      "avg_pnl": 0.00988,
      "win_rate": 0.4521,
      "params": {
        "soft_min_score": 70,
        "profit_target": 0.18,
        "stop_loss": -0.05,
        "trailing_stop": -0.07,
        "max_hold_days": 55,
        "position_size": 0.05,
        "bullish_threshold": 50
      }
    },
    "偏牛": {
      "avg_fingerprint": [
        64.17429040467331,
        92.07828465352672,
        38.27937447406944,
        54.295821005208026
      ],
      "n_trades": 3487,
      "avg_pnl": 0.000976,
      "win_rate": 0.411,
      "params": {
        "stop_loss": -0.06,
        "profit_target": 0.18,
        "trailing_stop": -0.07,
        "position_size": 0.05,
        "soft_min_score": 78,
        "max_hold_days": 55,
        "bullish_threshold": 50
      }
    },
    "牛市": {
      "avg_fingerprint": [
        73.16340461656102,
        98.01634360203364,
        47.236839105924034,
        73.92907721985111
      ],
      "n_trades": 1079,
      "avg_pnl": 0.037601,
      "win_rate": 0.6163,
      "params": {
        "profit_target": 0.17,
        "stop_loss": -0.15,
        "soft_min_score": 70,
        "position_size": 0.1,
        "trailing_stop": -0.08,
        "max_hold_days": 40,
        "bullish_threshold": 65
      }
    }
  }
}